{
	"version": 2,
	"$schema": "https://schemas.wp.org/trunk/theme.json",
	"settings": {
		"appearanceTools": true,
		"color": {
			"defaultPalette": false,
			"defaultGradients": false,
			"defaultDuotone": false,
			"palette": [
				{
					"slug": "base",
					"color": "#ffffff",
					"name": "Base"
				},
				{
					"slug": "light-gery",
					"color": "#fafafa",
					"name": "Light Gery"
				},
				{
					"slug": "contrast",
					"color": "#333333",
					"name": "Contrast"
				},
				{
					"slug": "primary",
					"color": "#2b3379",
					"name": "Primary"
				},
				{
					"slug": "secondary",
					"color": "#fcb900",
					"name": "Secondary"
				},
				{
					"slug": "thirdcolor",
					"color": "#ed145b",
					"name": "Thirdcolor"
				},
				{
					"slug": "transparent",
					"color": "transparent",
					"name": "Transparent"
				}
			],
			"gradients": [
				{
					"slug": "d-transparent-primary",
					"gradient": "linear-gradient(to bottom right,transparent 49.9%,#2b3379 50%)",
					"name": "Diagonal transparent to primary"
				},
				{
					"slug": "d-primary-transparent",
					"gradient": "linear-gradient(to bottom right, #2b3379 49.9%, transparent 50%)",
					"name": "Diagonal primary to transparent"
				},
				{
					"slug": "d-white-primary",
					"gradient": "linear-gradient(to bottom right,#fff 49.9%,#2b3379 50%)",
					"name": "Diagonal white to primary"
				},
				{
					"slug": "d-primary-white",
					"gradient": "linear-gradient(to bottom right,#2b3379 49.9%,#fff 50%)",
					"name": "Diagonal primary to white"
				},
				{
					"slug": "h-primary-white",
					"gradient": "linear-gradient(#2b3379 49.9%,#fff 50%)",
					"name": "Horizontal primary to white"
				},
				{
					"slug": "h-white-primary",
					"gradient": "linear-gradient(#fff 49.9%,#2b3379 50%)",
					"name": "Horizontal white to primary"
				},
				{
					"slug": "v-primary-white",
					"gradient": "linear-gradient(to right, #2b3379 49.9%,#fff 50%)",
					"name": "Vertical primary to white"
				},
				{
					"slug": "v-white-primary",
					"gradient": "linear-gradient(to right, #fff 49.9%,#2b3379 50%)",
					"name": "Vertical white to primary"
				}
			],
			"duotone": [
				{
					"colors": ["#fcb900", "#2b3379"],
					"slug": "secondary-primary",
					"name": "Secondary and primary"
				},
				{
					"colors": ["#2b3379", "#f0f0f1"],
					"slug": "primary-contrast",
					"name": "Primary and foreground"
				},
				{
					"colors": ["#ffffff", "#f0f0f1"],
					"slug": "base-contrast",
					"name": "background and foreground"
				}
			]
		},
		"layout": {
			"contentSize": "1126px",
			"wideSize": "1360px"
		},
		"spacing": {
			"units": ["px", "em", "rem", "vh", "vw", "%"]
		},
		"typography": {
			"dropCap": true,
			"fluid": true,
			"fontFamilies": [
				{
					"fontFamily": "'Poppins', sans-serif",
					"slug": "Poppins",
					"name": "Body - Space Mono",
					"fontFace": [
						{
							"fontFamily": "'Poppins', sans-serif",
							"fontWeight": "200",
							"fontStyle": "normal",
							"fontStretch": "normal",
							"src": ["file:./dist/fonts/Poppins-ExtraLight.ttf"]
						}
					]
				},
				{
					"fontFamily": "'Poppins', sans-serif",
					"slug": "Poppins",
					"name": "Heading - Poppins",
					"fontFace": [
						{
							"fontFamily": "'Poppins', sans-serif",
							"fontWeight": "400",
							"fontStyle": "normal",
							"fontStretch": "normal",
							"src": ["file:./dist/fonts/Poppins-Medium.ttf"]
						}
					]
				},
				{
					"fontFamily": "'Space Mono', monospace",
					"slug": " Space Mono  ",
					"name": "Others - Space Mono",
					"fontFace": [
						{
							"fontFamily": "'Space Mono', monospace",
							"fontWeight": "400",
							"fontStyle": "normal",
							"fontStretch": "normal",
							"src": ["file:./dist/fonts/SpaceMono-Regular.ttf"]
						}
					]
				}
			],
			"fontSizes": [
				{
					"slug": "extra-small",
					"size": "1rem",
					"name": "Extra small",
					"fluid": false
				},
				{
					"slug": "small",
					"size": "13px",
					"name": "Small",
					"fluid": false
				},
				{
					"slug": "medium",
					"size": ".8rem",
					"name": "Medium",

					"fluid": {
						"min": ".8rem",
						"max": ".95rem"
					}
				},
				{
					"slug": "large",
					"size": "2rem",
					"name": "Large",
					"fluid": {
						"min": "1.75rem",
						"max": "2rem"
					}
				},
				{
					"slug": "x-large",
					"size": "2.75rem",
					"name": "XL",
					"fluid": {
						"min": "2.5rem",
						"max": "2.75rem"
					}
				},
				{
					"slug": "xx-large",
					"size": "3.75rem",
					"name": "XXL",
					"fluid": {
						"min": "3rem",
						"max": "3.75rem"
					}
				}
			]
		},
		"useRootPaddingAwareAlignments": true
	},
	"styles": {
		"blocks": {
			"core/code": {
				"color": {
					"text": "var(--wp--preset--color--contrast)"
				}
			},
			"core/paragraph": {
				"typography": {
					"fontSize": "var(--wp--preset--font-size--medium)",
					"fontWeight": "100"
				}
			},
			"core/comment-author-name": {
				"typography": {
					"fontSize": "var(--wp--preset--font-size--small)"
				}
			},
			"core/comment-date": {
				"typography": {
					"fontSize": "var(--wp--preset--font-size--small)"
				}
			},
			"core/comment-edit-link": {
				"typography": {
					"fontSize": "var(--wp--preset--font-size--small)"
				}
			},
			"core/comment-reply-link": {
				"typography": {
					"fontSize": "var(--wp--preset--font-size--small)"
				}
			},
			"core/latest-comments": {
				"spacing": {
					"padding": {
						"left": "0px"
					}
				}
			},
			"core/separator": {
				"color": {
					"background": "var(--wp--preset--color--secondary)"
				}
			},
			"core/post-navigation-link": {
				"typography": {
					"fontWeight": "700"
				}
			},
			"core/post-author": {
				"typography": {
					"fontSize": "var(--wp--preset--font-size--extra-small)"
				},
				"color": {
					"text": "var(--wp--preset--color--secondary)"
				},
				"elements": {
					"link": {
						"color": {
							"text": "var(--wp--preset--color--secondary)"
						}
					}
				}
			},
			"core/post-date": {
				"typography": {
					"fontSize": "var(--wp--preset--font-size--extra-small)"
				},
				"color": {
					"text": "var(--wp--preset--color--secondary)"
				},
				"elements": {
					"link": {
						"color": {
							"text": "var(--wp--preset--color--secondary)"
						}
					}
				}
			},
			"core/post-terms": {
				"typography": {
					"fontSize": "var(--wp--preset--font-size--extra-small)"
				},
				"color": {
					"text": "var(--wp--preset--color--secondary)"
				},
				"elements": {
					"link": {
						"color": {
							"text": "var(--wp--preset--color--secondary)"
						}
					}
				}
			},
			"core/post-title": {
				"typography": {
					"fontSize": "var(--wp--preset--font-size--x-large)"
				}
			},
			"core/query-pagination": {
				"typography": {
					"fontWeight": "700"
				}
			},
			"core/query-title": {
				"typography": {
					"fontSize": "var(--wp--preset--font-size--x-large)"
				}
			},
			"core/site-title": {
				"typography": {
					"fontSize": "var(--wp--preset--font-size--medium)"
				}
			}
		},
		"color": {
			"background": "var(--wp--preset--color--base)",
			"text": "var(--wp--preset--color--contrast)"
		},
		"css": ".sidebar{ background: var(--wp--preset--color--primary); border-radius: 4px;}",
		"elements": {
			"h1": {
				"typography": {
					"fontFamily": "var(--wp--preset--font-family--poppins)",
					"fontWeight": "400",
					"fontSize": "52px"
				},
				"color": {
					"text": "var(--wp--preset--color--primary)"
				}
			},
			"h2": {
				"typography": {
					"fontFamily": "var(--wp--preset--font-family--poppins)",
					"fontWeight": "400",
					"fontSize": "32px"
				},
				"color": {
					"text": "var(--wp--preset--color--primary)"
				}
			},
			"h3": {
				"typography": {
					"fontFamily": "var(--wp--preset--font-family--space-mono)",
					"fontWeight": "400",
					"fontSize": "16px"
				}
			},
			"h4": {
				"typography": {
					"fontFamily": "var(--wp--preset--font-family--space-mono)",
					"fontWeight": "400"
				}
			},
			"h5": {
				"typography": {
					"fontFamily": "var(--wp--preset--font-family--space-mono)",
					"fontWeight": "400",
					"fontSize": "16px"
				}
			},
			"link": {
				"typography": {
					"fontFamily": "var(--wp--preset--font-family--space-mono)",
					"fontWeight": "400"
				},

				"color": {
					"text": "var(--wp--preset--color--contrast)"
				},
				":hover": {
					"color": {
						"text": "var(--wp--preset--color--contrast)"
					},
					"typography": {
						"textDecoration": "none"
					}
				},
				":focus": {
					"color": {
						"text": "var(--wp--preset--color--contrast)"
					}
				},
				":active": {
					"color": {
						"text": "var(--wp--preset--color--contrast)"
					}
				}
			},
			"button": {
				"border": {
					"color": "var(--wp--preset--color--transparent)",
					"width": "0px",
					"style": "solid",
					"radius": "4px"
				},

				"color": {
					"background": "var(--wp--preset--color--secondary)",
					"text": "var(--wp--preset--color--primary)"
				},
				"typography": {
					"fontSize": "18px",
					"fontWeight": "700"
				},

				":hover": {
					"color": {
						"background": "var(--wp--preset--color--thirdcolor)",
						"text": "var(--wp--preset--color--white)"
					}
				}
			}
		},
		"typography": {
			"fontSize": "var(--wp--preset--font-size--medium)",
			"fontFamily": "var(--wp--preset--font-family--poppins)",
			"lineHeight": "1.3"
		},
		"spacing": {
			"blockGap": "1rem",
			"padding": {
				"top": "2rem",
				"right": "2rem",
				"bottom": "2rem",
				"left": "2rem"
			}
		}
	},
	"templateParts": [
		{
			"name": "header",
			"title": "Header",
			"area": "header"
		},
		{
			"name": "narrow-header",
			"title": "Narrow Header",
			"area": "header"
		},
		{
			"name": "footer",
			"title": "Footer",
			"area": "footer"
		},
		{
			"name": "narrow-footer",
			"title": "Narrow Footer",
			"area": "footer"
		},
		{
			"name": "sidebar",
			"title": "Sidebar",
			"area": "uncategorized"
		}
	],
	"customTemplates": [
		{
			"name": "no-title",
			"title": "No title",
			"postTypes": ["post", "page"]
		},
		{
			"name": "featured-image",
			"title": "Featured image in header",
			"postTypes": ["post", "page"]
		},
		{
			"name": "sidebar-page-template",
			"title": "Page with sidebar",
			"postTypes": ["page"]
		},
		{
			"name": "sidebar-post-template",
			"title": "Post with sidebar",
			"postTypes": ["post"]
		},
		{
			"name": "single-product",
			"title": "WooCommerce single product (Requires WooCommerce)"
		},
		{
			"name": "archive-product",
			"title": "WooCommerce product archive (Requires WooCommerce)"
		}
	]
}
